{
    "textures": {
        "particle": "blocks/new_block/daylight_detector_bottom",
        "top": "blocks/daylight_detector_inverted_top",
        "side": "blocks/daylight_detector_side",
		"bottom": "blocks/new_block/daylight_detector_bottom"
    },
    "elements": [
        {   "from": [ 0, 0, 0 ],
            "to": [ 16, 6, 16 ],
            "faces": {
                "down":  { "uv": [ 0, 0, 16, 16 ], "texture": "#bottom", "cullface": "down" },
                "up":    { "uv": [ 0, 0, 16, 16 ], "texture": "#top" },
                "north": { "uv": [ 0, 10, 16, 16 ], "texture": "#side", "cullface": "north" },
                "south": { "uv": [ 0, 10, 16, 16 ], "texture": "#side", "cullface": "south" },
                "west":  { "uv": [ 0, 10, 16, 16 ], "texture": "#side", "cullface": "west" },
                "east":  { "uv": [ 0, 10, 16, 16 ], "texture": "#side", "cullface": "east" }
            }
        }
    ]
}
