{
	"credit": "Made with Blockbench",
	"textures": {
		"particle": "#texture"
	},
	"elements": [
		{
			"from": [0, 0, 13],
			"to": [16, 16, 16],
			"faces": {
				"north": {"uv": [0, 0, 16, 16], "texture": "#texture"},
				"east": {"uv": [3, 16, 6, 0], "rotation": 180, "texture": "#rim", "cullface": "east"},
				"south": {"uv": [0, 0, 16, 16], "texture": "#texture", "cullface": "south"},
				"west": {"uv": [9, 16, 12, 0], "texture": "#rim", "cullface": "west"},
				"up": {"uv": [0, 16, 3, 0], "rotation": 90, "texture": "#rim", "cullface": "up"},
				"down": {"uv": [6, 16, 9, 0], "rotation": 270, "texture": "#rim", "cullface": "down"}
			}
		}
	]
}