{
	"credit": "Made with Blockbench",
	"textures": {
		"particle": "#texture"
	},
	"elements": [
		{
			"from": [0, 13, 0],
			"to": [16, 16, 16],
			"rotation": {"angle": 0, "axis": "y", "origin": [8, 21, 8]},
			"faces": {
				"north": {"uv": [0, 16, 3, 0], "rotation": 90, "texture": "#rim", "cullface": "north"},
				"east": {"uv": [9, 16, 12, 0], "rotation": 90, "texture": "#rim", "cullface": "north"},
				"south": {"uv": [6, 16, 9, 0], "rotation": 90, "texture": "#rim", "cullface": "north"},
				"west": {"uv": [3, 16, 6, 0], "rotation": 90, "texture": "#rim", "cullface": "north"},
				"up": {"uv": [0, 0, 16, 16], "texture": "#texture"},
				"down": {"uv": [0, 0, 16, 16], "rotation": 180, "texture": "#texture", "cullface": "down"}
			}
		}
	]
}